,PowerCapacity,Unit,Zone,Technology,Fuel,Efficiency,MinUpTime,MinDownTime,RampUpRate,RampDownRate,StartUpCost,NoLoadCost,RampingCost,PartLoadMin,MinEfficiency,StartUpTime,CO2Intensity,CHPType,CHPPowerToHeat,STOCapacity,STOSelfDischarge,STOMaxChargingPower,STOChargingEfficiency
0,0,TE Kosovo A,XK,STUR,LIG,0.34,6,1.5,0.025,0.025,41475,0,1.8,0.049367089,0.29,6,1.062,,,,,,
1,520,TE Kosovo B,XK,STUR,LIG,0.341,6,1.5,0.025,0.025,54600,0,1.8,0.195576923,0.29,6,1.062,,,,,,
2,35,HE Ujmani,XK,HDAM,WAT,0.81242,0,0,1,1,0,0,0,0,0.5,1,0,,,95375,,,
3,8.8,HE Lumbardhi,XK,HROR,WAT,0.85,0,0,1,1,0,0,0,0,0.5,1,0,,,,,,
4,1.34,HE Dikance,XK,HROR,WAT,0.85,0,0,1,1,0,0,0,0,0.5,1,0,,,,,,
5,0.28,HE Radavac,XK,HROR,WAT,0.85,0,0,1,1,0,0,0,0,0.5,1,0,,,,,,
6,0.48,HE Burimi,XK,HROR,WAT,0.85,0,0,1,1,0,0,0,0,0.5,1,0,,,,,,
7,100,XK New HROR,XK,HROR,WAT,0.85,0,0,1,1,0,0,0,0,0.5,1,0,,,,,,
8,100,XK New Wind,XK,WTON,WIN,1,0,0,1,1,0,0,0,0,1,1,0,,,,,,
9,100,XK New Solar,XK,PHOT,SUN,1,0,0,1,1,0,0,0,0,1,1,0,,,,,,
10,900,TE New A,XK,STUR,LIG,0.3415,6,1.5,0.025,0.025,44100,0,1.8,0.35,0.111,6,1.062,,,,,,
11,0,TE New B,XK,STUR,LIG,0.3415,6,1.5,0.025,0.025,44100,0,1.8,0.35,0.111,6,1.062,,,,,,
12,200,XK New Biomass,XK,STUR,BIO,0.3415,6,1.5,0.025,0.025,8550,0,1.8,0.35,0.01,6,0.123,,,,,,
13,50,TE New Gas,XK,COMC,GAS,0.36,2,2,0.06,0.06,4680,0,0.5,0.062171053,0.49,3,0.398,,,,,,
